time;message;logger;level;description
2015-05-04 19:00:19.9054;EmailSenderMTHR טםטצאכטחטנמגאם;WebMTHR.EmailSender.EmailSenderMTHR;Info;
2015-05-04 19:00:49.9853;EmailSenderMTHR חאןףשום ןונגי גחמג עאילונא Task;WebMTHR.EmailSender.EmailSenderMTHR;Info;
2015-05-04 19:01:20.0100;EmailSenderMTHR גחמג עאילונא Task;WebMTHR.EmailSender.EmailSenderMTHR;Info;
2015-05-04 19:01:50.0768;EmailSenderMTHR גחמג עאילונא Task;WebMTHR.EmailSender.EmailSenderMTHR;Info;
2015-05-04 19:02:20.0886;EmailSenderMTHR גחמג עאילונא Task;WebMTHR.EmailSender.EmailSenderMTHR;Info;
2015-05-04 19:02:50.0893;EmailSenderMTHR גחמג עאילונא Task;WebMTHR.EmailSender.EmailSenderMTHR;Info;
2015-05-04 19:03:20.1017;EmailSenderMTHR גחמג עאילונא Task;WebMTHR.EmailSender.EmailSenderMTHR;Info;
2015-05-04 19:03:50.1135;EmailSenderMTHR גחמג עאילונא Task;WebMTHR.EmailSender.EmailSenderMTHR;Info;
2015-05-04 19:04:20.1232;EmailSenderMTHR גחמג עאילונא Task;WebMTHR.EmailSender.EmailSenderMTHR;Info;
2015-05-04 19:04:50.1370;EmailSenderMTHR גחמג עאילונא Task;WebMTHR.EmailSender.EmailSenderMTHR;Info;
2015-05-04 19:05:20.1507;EmailSenderMTHR גחמג עאילונא Task;WebMTHR.EmailSender.EmailSenderMTHR;Info;
2015-05-04 19:05:50.1575;EmailSenderMTHR גחמג עאילונא Task;WebMTHR.EmailSender.EmailSenderMTHR;Info;
2015-05-04 19:06:20.1585;EmailSenderMTHR גחמג עאילונא Task;WebMTHR.EmailSender.EmailSenderMTHR;Info;
2015-05-04 19:06:50.1663;EmailSenderMTHR גחמג עאילונא Task;WebMTHR.EmailSender.EmailSenderMTHR;Info;
2015-05-04 19:07:20.1671;EmailSenderMTHR גחמג עאילונא Task;WebMTHR.EmailSender.EmailSenderMTHR;Info;
2015-05-04 19:07:50.1698;EmailSenderMTHR גחמג עאילונא Task;WebMTHR.EmailSender.EmailSenderMTHR;Info;
2015-05-04 19:08:20.1906;EmailSenderMTHR גחמג עאילונא Task;WebMTHR.EmailSender.EmailSenderMTHR;Info;
2015-05-04 19:08:50.1993;EmailSenderMTHR גחמג עאילונא Task;WebMTHR.EmailSender.EmailSenderMTHR;Info;
2015-05-04 19:09:20.2115;EmailSenderMTHR גחמג עאילונא Task;WebMTHR.EmailSender.EmailSenderMTHR;Info;
2015-05-04 19:09:50.2252;EmailSenderMTHR גחמג עאילונא Task;WebMTHR.EmailSender.EmailSenderMTHR;Info;
2015-05-04 19:10:20.2280;EmailSenderMTHR גחמג עאילונא Task;WebMTHR.EmailSender.EmailSenderMTHR;Info;
2015-05-04 19:10:50.2437;EmailSenderMTHR גחמג עאילונא Task;WebMTHR.EmailSender.EmailSenderMTHR;Info;
2015-05-04 19:11:20.2455;EmailSenderMTHR גחמג עאילונא Task;WebMTHR.EmailSender.EmailSenderMTHR;Info;
2015-05-04 19:11:50.2653;EmailSenderMTHR גחמג עאילונא Task;WebMTHR.EmailSender.EmailSenderMTHR;Info;
2015-05-04 19:12:20.2809;EmailSenderMTHR גחמג עאילונא Task;WebMTHR.EmailSender.EmailSenderMTHR;Info;
2015-05-04 19:12:50.2906;EmailSenderMTHR גחמג עאילונא Task;WebMTHR.EmailSender.EmailSenderMTHR;Info;
2015-05-04 19:13:20.3052;EmailSenderMTHR גחמג עאילונא Task;WebMTHR.EmailSender.EmailSenderMTHR;Info;
2015-05-04 19:13:50.3049;EmailSenderMTHR גחמג עאילונא Task;WebMTHR.EmailSender.EmailSenderMTHR;Info;
2015-05-04 19:14:20.3087;EmailSenderMTHR גחמג עאילונא Task;WebMTHR.EmailSender.EmailSenderMTHR;Info;
2015-05-04 19:14:50.3364;EmailSenderMTHR גחמג עאילונא Task;WebMTHR.EmailSender.EmailSenderMTHR;Info;
2015-05-04 19:15:20.3476;EmailSenderMTHR גחמג עאילונא Task;WebMTHR.EmailSender.EmailSenderMTHR;Info;
2015-05-04 19:15:50.3618;EmailSenderMTHR גחמג עאילונא Task;WebMTHR.EmailSender.EmailSenderMTHR;Info;
2015-05-04 19:16:20.3710;EmailSenderMTHR גחמג עאילונא Task;WebMTHR.EmailSender.EmailSenderMTHR;Info;
2015-05-04 19:16:50.3898;EmailSenderMTHR גחמג עאילונא Task;WebMTHR.EmailSender.EmailSenderMTHR;Info;
2015-05-04 19:17:20.4986;EmailSenderMTHR גחמג עאילונא Task;WebMTHR.EmailSender.EmailSenderMTHR;Info;
2015-05-04 19:17:50.5117;EmailSenderMTHR גחמג עאילונא Task;WebMTHR.EmailSender.EmailSenderMTHR;Info;
2015-05-04 19:18:20.6187;EmailSenderMTHR גחמג עאילונא Task;WebMTHR.EmailSender.EmailSenderMTHR;Info;
2015-05-04 19:18:50.7540;EmailSenderMTHR גחמג עאילונא Task;WebMTHR.EmailSender.EmailSenderMTHR;Info;
2015-05-04 19:19:20.7597;EmailSenderMTHR גחמג עאילונא Task;WebMTHR.EmailSender.EmailSenderMTHR;Info;
2015-05-04 19:19:50.7985;EmailSenderMTHR גחמג עאילונא Task;WebMTHR.EmailSender.EmailSenderMTHR;Info;
2015-05-04 19:20:20.8148;EmailSenderMTHR גחמג עאילונא Task;WebMTHR.EmailSender.EmailSenderMTHR;Info;
2015-05-04 19:20:50.8338;EmailSenderMTHR גחמג עאילונא Task;WebMTHR.EmailSender.EmailSenderMTHR;Info;
2015-05-04 19:21:20.8596;EmailSenderMTHR גחמג עאילונא Task;WebMTHR.EmailSender.EmailSenderMTHR;Info;
2015-05-04 19:21:50.8648;EmailSenderMTHR גחמג עאילונא Task;WebMTHR.EmailSender.EmailSenderMTHR;Info;
2015-05-04 19:22:20.8709;EmailSenderMTHR גחמג עאילונא Task;WebMTHR.EmailSender.EmailSenderMTHR;Info;
2015-05-04 19:22:50.8706;EmailSenderMTHR גחמג עאילונא Task;WebMTHR.EmailSender.EmailSenderMTHR;Info;
2015-05-04 19:23:20.8775;EmailSenderMTHR גחמג עאילונא Task;WebMTHR.EmailSender.EmailSenderMTHR;Info;
2015-05-04 19:23:50.8899;EmailSenderMTHR גחמג עאילונא Task;WebMTHR.EmailSender.EmailSenderMTHR;Info;
2015-05-04 19:24:20.8939;EmailSenderMTHR גחמג עאילונא Task;WebMTHR.EmailSender.EmailSenderMTHR;Info;
2015-05-04 19:24:50.9049;EmailSenderMTHR גחמג עאילונא Task;WebMTHR.EmailSender.EmailSenderMTHR;Info;
2015-05-04 19:25:20.9215;EmailSenderMTHR גחמג עאילונא Task;WebMTHR.EmailSender.EmailSenderMTHR;Info;
2015-05-04 19:25:50.9363;EmailSenderMTHR גחמג עאילונא Task;WebMTHR.EmailSender.EmailSenderMTHR;Info;
2015-05-04 19:26:20.9531;EmailSenderMTHR גחמג עאילונא Task;WebMTHR.EmailSender.EmailSenderMTHR;Info;
2015-05-04 19:26:50.9624;EmailSenderMTHR גחמג עאילונא Task;WebMTHR.EmailSender.EmailSenderMTHR;Info;
2015-05-04 19:27:20.9652;EmailSenderMTHR גחמג עאילונא Task;WebMTHR.EmailSender.EmailSenderMTHR;Info;
2015-05-04 19:27:50.9672;EmailSenderMTHR גחמג עאילונא Task;WebMTHR.EmailSender.EmailSenderMTHR;Info;
2015-05-04 19:28:20.9770;EmailSenderMTHR גחמג עאילונא Task;WebMTHR.EmailSender.EmailSenderMTHR;Info;
2015-05-04 19:28:50.9913;EmailSenderMTHR גחמג עאילונא Task;WebMTHR.EmailSender.EmailSenderMTHR;Info;
2015-05-04 19:29:21.0002;EmailSenderMTHR גחמג עאילונא Task;WebMTHR.EmailSender.EmailSenderMTHR;Info;
2015-05-04 19:29:51.0151;EmailSenderMTHR גחמג עאילונא Task;WebMTHR.EmailSender.EmailSenderMTHR;Info;
2015-05-04 19:30:21.0418;EmailSenderMTHR גחמג עאילונא Task;WebMTHR.EmailSender.EmailSenderMTHR;Info;
2015-05-04 19:30:51.0589;EmailSenderMTHR גחמג עאילונא Task;WebMTHR.EmailSender.EmailSenderMTHR;Info;
2015-05-04 19:31:21.0604;EmailSenderMTHR גחמג עאילונא Task;WebMTHR.EmailSender.EmailSenderMTHR;Info;
2015-05-04 19:31:51.0748;EmailSenderMTHR גחמג עאילונא Task;WebMTHR.EmailSender.EmailSenderMTHR;Info;
2015-05-04 19:32:21.0864;EmailSenderMTHR גחמג עאילונא Task;WebMTHR.EmailSender.EmailSenderMTHR;Info;
2015-05-04 19:32:51.0962;EmailSenderMTHR גחמג עאילונא Task;WebMTHR.EmailSender.EmailSenderMTHR;Info;
2015-05-04 19:33:21.1056;EmailSenderMTHR גחמג עאילונא Task;WebMTHR.EmailSender.EmailSenderMTHR;Info;
2015-05-04 19:33:51.1144;EmailSenderMTHR גחמג עאילונא Task;WebMTHR.EmailSender.EmailSenderMTHR;Info;
2015-05-04 19:34:21.1311;EmailSenderMTHR גחמג עאילונא Task;WebMTHR.EmailSender.EmailSenderMTHR;Info;
2015-05-04 19:34:51.3180;EmailSenderMTHR גחמג עאילונא Task;WebMTHR.EmailSender.EmailSenderMTHR;Info;
2015-05-04 19:35:21.4950;EmailSenderMTHR גחמג עאילונא Task;WebMTHR.EmailSender.EmailSenderMTHR;Info;
2015-05-04 19:35:51.5089;EmailSenderMTHR גחמג עאילונא Task;WebMTHR.EmailSender.EmailSenderMTHR;Info;
2015-05-04 19:36:21.5208;EmailSenderMTHR גחמג עאילונא Task;WebMTHR.EmailSender.EmailSenderMTHR;Info;
